title,popularity,date
[花邊] 河村勇輝 離譜的抄球背後長傳,83,4/14
[情報] 少1週休息 嘴綠: 我們不是老人 是頂尖球員,72,4/14
[花邊] 馬龍給金塊的感謝信,爆,4/14
[花邊] Podz:有咖哩和吉巴 不知還能怎麼更有信心,爆,4/14
No Content!,14,4/14
[情報] 金塊是唯一無2025梯選秀籤球隊,爆,4/14
[花邊] 登登賽後勉勵小球迷們的發言,64,4/14
[花邊] Curry:希望挺進季後賽並交手火箭,爆,4/14
No Content!,19,4/14
[花邊] 熱火輸給巫師 導致賽提的選秀籤順位變差,5,4/14
[花邊] 本季82場全勤的球員（11位）,88,4/14
[花邊] Curry談Kuminga今日DNP,爆,4/14
[新聞] 詹皇之子首度在NBA先發　瑞迪克給布朗尼A,55,4/14
"[花邊] Kerr:我們輸了,但不是因為我們不夠努力",爆,4/14
[討論] 今天的勇艇戰大家給幾分,64,4/14
[情報] 本季罰球佔得分比排名,97,4/14
[新聞] ZSR-NBA／關鍵戰尾聲受傷 巴特勒喊沒大礙,42,4/14
[公告] 板規10.1,N/A,10/09
[情報] 2024-25 NBA Schedule (03/01 ~ 04/19),24,2/17
[公告] 季後賽條款,41,4/10
"[情報] NBA Standings (Apr. 14, 2025) End",爆,4/14
